,MSE,RMSE,MAE,MAPE (%),R²,Accuracy < 0.005
Random Forest,3.802846792962152e-07,0.0005426507821011845,0.00026945653544623754,0.2753731809800767,0.9551086093320583,77.2
XGBoost,3.8507998603510407e-07,0.0005857326566015154,0.00035537806472778715,0.27044459474710697,0.9511844924876838,77.8
MLP,2.5036022315008216e-07,0.0004332641886745584,0.00022143309631348582,0.021553878723322675,0.9698339396628961,100.0
